"by","descendants","id","kids","score","time","title","type","url","rating","text"
"ilamont","17","25315746","[25316259, 25316363, 25316438, 25316499, 25316311, 25316326, 25316277]","66","1607185927","Book publishers call on Apple to match 15% commission granted to developers","story","https://www.ibpa-online.org/news/541675/IBPA-Calls-on-Apple-to-Reduce-Its-Commission-from-30-to-15-on-Apple-Books-for-Authors-Platform.htm","3",""
"homarp","13","25315524","[25316420, 25316472, 25316092, 25315600, 25316433, 25316222, 25316159, 25315825, 25316198]","111","1607184442","The Game UI Database, a comprehensive reference of game interface design","story","https://www.gameuidatabase.com/","1",""
"1e","0","25315982","","28","1607187224","Bill Gates on Bayesian Networks (back in 1996)","story","https://www.cs.ubc.ca/~murphyk/Bayes/la.times.html","4",""
"dweberz","175","25313010","[25316376, 25314513, 25313569, 25314094, 25314183, 25314849, 25313159, 25316500, 25314000, 25314029, 25313412, 25313182, 25315683, 25313394, 25314456, 25313778, 25313920, 25314382, 25313346, 25314045, 25315125, 25315565, 25314712, 25315352, 25313183, 25314374, 25313336, 25313170, 25314850, 25313424, 25313184, 25314870, 25313221, 25314103, 25314658, 25313615, 25313535, 25315296, 25314095]","479","1607159603","Radicle: A peer-to-peer alternative to GitHub","story","http://radicle.xyz#/beta","3",""
"mattparcher","19","25315180","[25316152, 25315788, 25315959, 25316371, 25316116, 25316196, 25315931, 25315724, 25316304, 25315970]","68","1607181809","Apple’s “Extended Dynamic Range” Brings HDR to Non-HDR Displays","story","https://prolost.com/blog/edr","3",""
"rustoo","23","25315305","[25315905, 25316265, 25316217, 25315917, 25315479, 25316189]","52","1607182755","Exploring supervisors’ two‐faced response to their past abusive behavior","story","https://onlinelibrary.wiley.com/doi/10.1111/peps.12424","1",""
"dandanua","27","25315667","[25316482, 25315808, 25316317, 25316444, 25316144, 25316052, 25316303, 25315800, 25316114, 25316276, 25315883]","43","1607185369","Major Flaws of Human Thinking","story","https://dandanua.github.io/posts/major-flaws-of-human-thinking/","3",""
"giuliomagnifico","246","25313776","[25314182, 25316470, 25314714, 25315701, 25314267, 25315834, 25315812, 25314166, 25316404, 25316071, 25314330, 25316374, 25315946, 25315726, 25315774, 25314274, 25314492, 25315119, 25314669, 25314692, 25314363, 25314616, 25315697, 25314582, 25314534, 25315784, 25315141, 25314657, 25315127, 25314610, 25315356, 25314611, 25314159, 25313855, 25314271, 25314517]","323","1607168292","Your Smart TV is probably ignoring your PiHole","story","https://labzilla.io/blog/force-dns-pihole","3",""
"EuAndreh","0","25315736","","10","1607185828","Hacker Public Radio","story","https://hackerpublicradio.org/","3",""
"elorm","39","25314106","[25314264, 25316129, 25315897, 25314282, 25315148, 25315068, 25314149, 25315590, 25314158]","91","1607172062","Exotic Programming Ideas","story","https://www.stephendiehl.com/posts/exotic04.html","2",""
"lelf","12","25314066","[25314427, 25314527, 25315922, 25314546, 25314366]","62","1607171442","Scaling Down Deep Learning","story","https://greydanus.github.io/2020/12/01/scaling-down/","2",""
"chmaynard","22","25313018","[25314578, 25313665, 25315954, 25315201, 25313790, 25313864]","92","1607159712","The Dec 21, 2020 Conjunction of Jupiter and Saturn","story","https://sparky.rice.edu/public-night/jupsat.html","2",""
"cyann","8","25288260","[25315846, 25315633, 25315546, 25314914]","54","1606999160","A modern tool for the Windows kernel exploration and observability","story","https://www.fibratus.io/","2",""
"boramalper","12","25313480","[25316204, 25316431, 25316182, 25316517, 25316402, 25316343]","38","1607165195","72% of smart TVs and 46% of game consoles hardcode DNS settings","story","https://arxiv.org/abs/2001.08288","2",""
"mooreds","93","25319539","[25321161, 25320500, 25320543, 25321543, 25320354, 25321387, 25320107, 25320939, 25320394, 25320185, 25321444, 25321464, 25320094, 25320692, 25320646, 25320934, 25321278, 25320381, 25320774, 25320890, 25320967, 25320382, 25320678, 25320532, 25320497]","146","1607212045","The Tragic Tale of DEC, the Computing Giant That Died Too Soon","story","https://digital.com/about/dec/","3",""
"notadog","5","25320941","[25321485, 25321510, 25321538]","27","1607227550","How I Collected a Debt from an Unscrupulous Merchant","story","https://mtlynch.io/collect-debt/","2",""
"homarp","80","25315524","[25316420, 25316472, 25315600, 25320537, 25316092, 25320841, 25317041, 25319838, 25319447, 25319333, 25318408, 25317829, 25318180, 25316159, 25316433, 25316222, 25316198, 25318935, 25315825]","495","1607184442","The Game UI Database, a comprehensive reference of game interface design","story","https://www.gameuidatabase.com/","1",""
"z3t111","11","25320430","[25321045, 25321000, 25321016, 25320987, 25321058, 25320898, 25320997, 25321396, 25321483]","180","1607221137","InstaHide Disappointingly Wins Bell Labs Prize, 2nd Place","story","https://nicholas.carlini.com/writing/2020/instahide_disappointingly_wins_bell_labs_prize.html","-1",""
"SQL2219","62","25320103","[25320827, 25320862, 25321277, 25321131, 25321077, 25320981, 25320908, 25321134, 25321170, 25321373, 25320923, 25320809, 25321194]","81","1607218108","Microdosing: Improving performance enhancement in intelligence analysis (2019) [pdf]","story","https://mca-marines.org/wp-content/uploads/Microdosing.pdf","-1",""
"ColinWright","26","25319572","[25320940, 25320474, 25320947, 25320398, 25321256, 25320963, 25320461, 25320608, 25321112, 25320811]","70","1607212394","Asteroid capsule located in Australian desert","story","https://www.bbc.co.uk/news/science-environment-55201662","2",""
"dshipper","11","25320536","[25321560, 25321542, 25321559, 25320633, 25321570, 25321481, 25321550, 25321536]","39","1607222261","LinkedIn is the fucking worst","story","https://divinations.substack.com/p/linkedins-alternate-universe##","-1",""
"tcgv","23","25301881","[25319137, 25321523, 25319952, 25320440, 25318939]","132","1607087713","Cashew of Pirangi","story","https://en.wikipedia.org/wiki/Cashew_of_Pirangi","3",""
"eterps","46","25312999","[25317380, 25318249, 25321344, 25321414, 25317359, 25321212, 25320885, 25319365, 25318235, 25319029, 25318651, 25317328, 25319414]","206","1607159481","Kaitai: Describe the structure of data, not how you read or write it","story","https://kaitai.io","2",""
"kkoncevicius","120","25316608","[25317052, 25317848, 25317002, 25319324, 25319296, 25317391, 25317142, 25317179, 25318022, 25317070, 25317702, 25320305, 25317488, 25320567, 25317027, 25319825, 25317317, 25317338]","220","1607190892","R adds native pipe and lambda syntax","story","https://developer.r-project.org/blosxom.cgi/R-devel/NEWS/2020/12/04#n2020-12-04","1",""
"mattparcher","189","25315180","[25316956, 25321568, 25315788, 25318434, 25316686, 25315959, 25321372, 25316152, 25317347, 25317822, 25321389, 25316620, 25317791, 25316371, 25317135, 25316116, 25315931, 25316196, 25318526, 25316304, 25321357, 25318785, 25315724, 25315970, 25316556, 25320489]","301","1607181809","Apple’s “Extended Dynamic Range” Brings HDR to Non-HDR Displays","story","https://prolost.com/blog/edr","3",""
"KlimYadrintsev","62","25316328","[25318665, 25321217, 25320933, 25319671, 25320747, 25321240, 25320959, 25321098, 25319944, 25320544, 25320538, 25319417, 25318560, 25319950, 25320627, 25320515, 25320364, 25318894]","155","1607189287","Benefits of Walking","story","https://klimy.co/blog/benefits-of-walking","4",""
"hlandau","4","25319482","[25321545, 25320209, 25320519]","39","1607211431","Modifying and running a binary by recompiling a reverse engineered disassembly","story","https://www.devever.net/~hl/recompile","2",""
"galfarragem","44","25313311","[25319819, 25319404, 25319054, 25320621, 25319446, 25320001, 25320112, 25320588, 25319709, 25319981, 25320345]","86","1607163368","Between two Lisps","story","https://ane.github.io/2020/10/05/between-two-lisps.html","2",""
"scottlocklin","17","25314830","[25324351, 25324456, 25324531, 25324172, 25324503, 25323949, 25324182, 25314834]","81","1607179231","Every Model Learned by Gradient Descent Is Approximately a Kernel Machine","story","https://arxiv.org/abs/2012.00152","1",""
"obilgic","107","25323090","[25323780, 25323680, 25323513, 25323619, 25324019, 25323501, 25323598, 25323485, 25323424, 25323805, 25324062, 25323702, 25324108, 25323859, 25323785, 25324069, 25323481, 25323421, 25323467, 25323658, 25324185, 25323845, 25323440, 25324277, 25323886, 25323477, 25323565, 25323733, 25323474, 25323427, 25324200, 25323490]","103","1607257816","Diem – A rebrand of Facebook’s Libra","story","https://www.diem.com","4",""
"VieEnCode","35","25323690","[25324120, 25324546, 25324267, 25324106, 25324237, 25324509, 25324065, 25324481, 25324306, 25324189, 25324218, 25324134, 25324155]","127","1607265300","The Grenfell Tower inquiry is uncovering a major corporate scandal","story","https://www.spectator.co.uk/article/the-grenfell-tower-inquiry-is-uncovering-a-major-corporate-scandal/","-1",""
"AlexeyBrin","1","25324311","[25324496]","10","1607270412","EmacsConf – 2020 – Talks","story","https://emacsconf.org/2020/talks/","2",""
"vo2maxer","0","25324316","","5","1607270445","Gaming Mathematics: Probability","story","https://www.888casino.com/blog/gaming-mathematics/gambling-probability","3",""
"sandGorgon","50","25322329","[25324524, 25324242, 25323007, 25322550, 25323203, 25324216, 25322892, 25322792, 25322825, 25322962, 25323322, 25322525, 25323908]","120","1607247496","Hardware-Accelerated TensorFlow and TensorFlow Addons for macOS 11.0","story","https://github.com/apple/tensorflow_macos","3",""
"notadog","199","25320941","[25322094, 25322964, 25322367, 25323715, 25323677, 25322301, 25323518, 25323849, 25323615, 25321787, 25321485, 25321749, 25322163, 25323522, 25322456, 25322228, 25322508, 25323397, 25321719, 25322665, 25323609, 25322697, 25322612, 25321510, 25322304, 25323455, 25324309, 25321978, 25323327, 25322357, 25323835, 25321811, 25321629, 25322111, 25321774, 25323150, 25322014, 25324097, 25321602, 25321538, 25321610, 25323064, 25323038, 25321979, 25322024, 25322011, 25323364, 25321803]","357","1607227550","How I Collected a Debt from an Unscrupulous Merchant","story","https://mtlynch.io/collect-debt/","-1",""
"partingshots","22","25322202","[25322740, 25323071, 25322909, 25324401, 25322942, 25323928, 25324153, 25322540]","86","1607245656","Monopoly Technology Platforms Are Colonizing Education","story","https://instituteforpubliceducation.org/monopoly-technology-platforms-are-colonizing-education/","4",""
"dshipper","175","25320536","[25321896, 25321999, 25320633, 25323043, 25323460, 25321560, 25322406, 25323907, 25322129, 25324077, 25323246, 25322112, 25321655, 25322337, 25322098, 25321651, 25321617, 25322991, 25321542, 25321559, 25321607, 25323579, 25322243, 25323717, 25323683, 25323366, 25322528, 25322472, 25322473, 25323734, 25323753, 25323185, 25322886, 25323055, 25323084, 25323511, 25321536, 25321481, 25323611, 25321583, 25323738, 25321981, 25321690, 25322203, 25321966, 25321716, 25323179, 25322804, 25321646, 25322075, 25321632, 25322851, 25321550, 25322314, 25321714, 25322714, 25322352, 25321939, 25322777, 25322640, 25321570, 25321641, 25321820, 25321810, 25321898]","412","1607222261","LinkedIn’s Alternate Universe","story","https://divinations.substack.com/p/linkedins-alternate-universe##","-1",""
"kpetermeni","21","25322051","[25324364, 25323987, 25323766, 25324265, 25324422, 25323543, 25323878, 25324245, 25323217, 25323682]","84","1607243609","'Havana syndrome' likely caused by directed microwaves – US report","story","https://www.bbc.com/news/world-us-canada-55203844","3",""
"rbanffy","4","25301340","[25323606]","49","1607082892","BBC Micro Bot – Creative Retro Coding","story","https://www.bbcmicrobot.com/owlet-test2.html","3",""
"matt128","4","25322573","[25324324, 25323253, 25323311, 25323318]","55","1607250761","Skybolt: A C++ planetary environment rendering engine with Python bindings","story","https://github.com/Piraxus/Skybolt","2",""
"bshanks","6","25300225","[25324379, 25323118, 25322997]","32","1607070159","A light-weight JIT compiler based on MIR (Medium Internal Representation)","story","https://github.com/vnmakarov/mir","1",""
"dsafonov","31","25322118","[25323329, 25324483, 25322930, 25322698, 25323612, 25324111, 25324127, 25324400, 25322655, 25322874, 25323936, 25322869, 25323057, 25322566, 25323475, 25322700]","114","1607244420","Fixing a 3 year old bug in Nvidia GeForce Experience","story","https://details-of-note.blogspot.com/2020/12/nvidia-3-year-old-bug.html","2",""
"amzans","110","25322651","[25323036, 25322951, 25324145, 25323695, 25322871, 25323061, 25322935, 25322952, 25323243, 25322863, 25322987, 25323747, 25322852, 25324219, 25323965, 25323094, 25323122, 25322699, 25323047, 25322957, 25322861, 25322949, 25322921, 25323591, 25323225, 25323099, 25323045, 25323132]","111","1607251593","Choose Boring Technology","story","https://panelbear.com/blog/boring-tech/","4",""
"mkirchner","165","25326552","[25327066, 25326966, 25327174, 25328219, 25327006, 25328868, 25328724, 25327683, 25326962, 25327171, 25327337, 25327833, 25327109, 25327270, 25328079, 25328080, 25326990, 25327432, 25327441, 25327411, 25328102, 25327446, 25327600, 25327185, 25327375, 25327396, 25327108, 25327001, 25327774, 25327390, 25327694, 25327976, 25327614, 25328727, 25328240, 25326920, 25326974, 25326879, 25326944, 25326981, 25327155, 25327484]","309","1607288258","Linus Torvalds' good taste argument for linked lists, explained","story","https://github.com/mkirchner/linked-list-good-taste","-1",""
"maydemir","64","25326450","[25327050, 25327672, 25327578, 25327433, 25327246, 25327701, 25327471, 25327082, 25327579, 25327846, 25327073, 25327588, 25327546, 25328752]","195","1607287484","A tool for recovering passwords from pixelized screenshots","story","https://github.com/beurtschipper/Depix","4",""
"benwilber0","0","25328622","","13","1607305983","Show HN: Boltstream – Self-hosted full end-to-end live video streaming platform","story","https://github.com/benwilber/boltstream","4",""
"pseudolus","8","25328576","[25328908, 25328881, 25328830, 25328781, 25328749]","15","1607305473","Google removes some IAC browser extensions for 'policy violations'","story","https://www.reuters.com/article/us-google-iac-interactive/google-removes-some-iac-browser-extensions-for-policy-violations-idUSKBN28G0TR","2",""
"AlexeyBrin","51","25324311","[25326103, 25328803, 25326534, 25324867, 25328815, 25324496, 25326702, 25326195, 25327166, 25325936, 25325921, 25325584, 25325519, 25326069, 25326355, 25325017, 25326171, 25324957, 25325415, 25324861]","283","1607270412","EmacsConf 2020 Talks","story","https://emacsconf.org/2020/talks/","-1",""
"panic","6","25328149","[25328654, 25328694]","21","1607301641","Three Cheers for Solutionism?","story","https://aelkus.github.io/theory/2020/12/03/solu.html","2",""
"URfejk","25","25326401","[25327255, 25327987, 25327076, 25328806, 25328043, 25328764, 25327887, 25327988, 25327388, 25327352, 25327893, 25328598]","71","1607287029","Areweyet","story","https://wiki.mozilla.org/Areweyet","2",""
"silentmars","23","25327267","[25328436, 25328905, 25328354, 25327767, 25327842, 25327809, 25328272, 25327881, 25327850, 25327785, 25327831]","65","1607293886","New Sauerbraten 2020 Edition Released","story","http://www.sauerworld.org/new-sauerbraten-2020-edition-released/","1",""
"alblue","17","25327137","[25327581, 25327361, 25327880, 25327875, 25327551, 25328144]","66","1607292930","Let’s Encrypt moving to new CA root","story","https://www.infoq.com/news/2020/12/five-years-lets-encrypt/","2",""
"spking","2","25327808","[25328707, 25328573]","18","1607298495","Show HN: Squiggle – A Sketch library for making low-fidelity wireframes","story","https://ui8.net/squiggle/products/squiggle","1",""
"scottlocklin","91","25314830","[25328846, 25325084, 25324351, 25326512, 25324172, 25324456, 25327449, 25324531, 25325294, 25323949, 25326245, 25328572, 25326518, 25324679, 25324503, 25327254, 25314834, 25324182, 25324923, 25325703, 25326357]","325","1607179231","Every Model Learned by Gradient Descent Is Approximately a Kernel Machine","story","https://arxiv.org/abs/2012.00152","1",""
"stevekemp","18","25321836","[25328479, 25328758, 25328386, 25328625, 25328591, 25328577, 25328588, 25328581, 25328755, 25328382, 25328412]","44","1607239891","A man who posted himself to Australia","story","https://www.bbc.com/news/magazine-31700049","4",""
"hut0","2","25319394","[25327545]","11","1607210301","Show HN: Exophysics – WebGL2 particle simulator","story","https://exophysics.net/","2",""
"Anon84","103","25323355","[25328362, 25326425, 25326525, 25326490, 25328528, 25326053, 25328093, 25328667, 25326564, 25328038, 25328774, 25328637, 25326904, 25326884, 25326237, 25328783, 25327041]","129","1607261316","The Economics of Christmas Trees","story","https://thehustle.co/the-economics-of-christmas-trees/","3",""
"sanqui","52","25322834","[25326657, 25327777, 25328799, 25326427, 25328518, 25328718, 25328030, 25323362, 25327134, 25327884, 25327029, 25326636, 25327862, 25326463, 25327815, 25328396, 25327019, 25326644, 25327256, 25328159, 25327776]","93","1607254430","Winning back the Internet by building our own","story","https://roarmag.org/essays/win-back-the-internet/","4",""
"seaucre","84","25337553","[25337994, 25338713, 25338466, 25337822, 25337826, 25338402, 25338598, 25338664, 25338291, 25338323, 25338259, 25338584, 25338077, 25338338, 25338033, 25338049, 25338076, 25338105]","139","1607375288","Uber sells self-driving unit in deal that will push Aurora’s valuation to $10B","story","https://techcrunch.com/2020/12/07/uber-sells-self-driving-unit-uber-atg-in-deal-that-will-push-auroras-valuation-to-10b/","4",""
"OJFord","236","25333219","[25335130, 25334823, 25337845, 25338705, 25335471, 25334922, 25335214, 25335714, 25337101, 25334734, 25338153, 25336308, 25337804, 25335914, 25335975, 25336946, 25335722, 25336610, 25335587, 25334941, 25335672, 25335401, 25336557, 25336604, 25334804, 25336037, 25334901]","373","1607355815","With Proton and Steam Play, many Windows games now work on Linux","story","https://www.protondb.com","4",""
"modeless","2","25338322","[25338721, 25338718, 25338714]","19","1607378923","Upcoming test: SpaceX Starship high-altitude flight","story","https://www.spacex.com/vehicles/starship/","3",""
"Tomte","229","25331407","[25333494, 25332435, 25332995, 25332513, 25332089, 25333006, 25332138, 25333231, 25334954, 25333348, 25332613, 25332785, 25338320, 25333241, 25333232, 25332993, 25332514, 25336292, 25334663, 25334855, 25333028, 25335031, 25334672, 25336086, 25334541, 25335501, 25332200, 25333902, 25331476, 25335134, 25333377, 25333393, 25335509, 25334316, 25333218, 25332752, 25333442, 25332442, 25332144, 25333447]","894","1607343199","Zero-click, wormable, cross-platform remote code execution in Microsoft Teams","story","https://github.com/oskarsve/ms-teams-rce","3",""
"ivanche","158","25333350","[25338702, 25337689, 25338606, 25335382, 25335116, 25338627, 25337123, 25335109, 25335747, 25336168, 25334219, 25337153, 25334565, 25334096, 25337330, 25335700, 25335272, 25334119, 25336712, 25336240, 25334035, 25334916, 25334385, 25336566, 25335538, 25334081, 25335351, 25334115]","379","1607356563","A Modern JavaScript Tutorial","story","https://javascript.info/","4",""
"dedalus","12","25326645","[25338530, 25338660, 25338143, 25337948, 25337283, 25334705]","63","1607288895","Raft Visualization","story","http://thesecretlivesofdata.com/raft/","3",""
"herbertl","34","25331858","[25338074, 25338177, 25338648, 25337974, 25337947, 25338331, 25338160, 25337983]","31","1607347220","Why did we wait so long for the bicycle? (2019)","story","https://rootsofprogress.org/why-did-we-wait-so-long-for-the-bicycle","3",""
"abiboudis","16","25335175","[25335763, 25337244, 25335964, 25336879, 25336761, 25336082, 25336543, 25337591, 25336763]","90","1607365267","Where Did Combinators Come From? Hunting the Story of Moses Schönfinkel","story","https://writings.stephenwolfram.com/2020/12/where-did-combinators-come-from-hunting-the-story-of-moses-schonfinkel/","3",""
"Arathorn","77","25334246","[25334807, 25335532, 25335498, 25336202, 25337908, 25334886, 25337975, 25335834, 25336271, 25335820, 25336130, 25336283, 25335276, 25335417, 25334733, 25335020, 25335982, 25334915, 25335570]","335","1607361492","Gitter now speaks Matrix","story","https://matrix.org/blog/2020/12/07/gitter-now-speaks-matrix","3",""
"hassanahmad","70","25335367","[25337752, 25336187, 25337072, 25338536, 25338092, 25337589, 25338362, 25336374, 25337770, 25336824, 25336519, 25336298, 25338158, 25336265, 25337288, 25337761]","230","1607366040","14 nations commit to protect oceans","story","https://www.nationalgeographic.co.uk/environment-and-conservation/2020/12/in-rare-show-of-solidarity-14-key-nations-commit-to-protect","3",""
"carlesfe","16","25337507","[25338421, 25337815, 25338171, 25337899, 25338015, 25338145, 25338475, 25338499]","90","1607375122","German court forces mail provider Tutanota to insert a backdoor","story","https://www.heise.de/news/Gericht-zwingt-Mailprovider-Tutanota-zu-Ueberwachungsfunktion-4972460.html","1",""
"DenverCode","10","25321544","[25338654, 25336661, 25336983, 25338532, 25337873]","44","1607235393","Toledo Zoo first to record biofluorescence in Tasmanian Devils","story","https://www.wtol.com/article/news/local/toledo-zoo-first-to-record-biofluorescence-in-tasmanian-devils/512-c838ba38-0ddf-450e-9ec1-87a2b88d8f8f","3",""
"samizdis","159","25336294","[25336868, 25336740, 25337449, 25338284, 25336673, 25336912, 25336957, 25338394, 25336531, 25337367, 25336994, 25337428, 25337728, 25337134, 25337684, 25337659]","198","1607370328","SpaceX gets $886M from FCC to subsidize Starlink in 35 states","story","https://arstechnica.com/tech-policy/2020/12/spacex-gets-886-million-from-fcc-to-subsidize-starlink-in-35-states/","3",""
"madars","20","25336369","[25338719, 25338683, 25337709, 25338011]","29","1607370598","Zcash Open Major Grants","story","https://zcashomg.org/","3",""
"dvfjsdhgfv","65","25330835","[25333485, 25331050, 25334582, 25331081, 25331009, 25333459, 25331097, 25332169, 25331493, 25332286, 25331189, 25331870, 25334424, 25331204, 25333740, 25331440, 25331464, 25335269, 25335489, 25333031]","328","1607336254","Analog TV Station on ESP8266","story","https://github.com/cnlohr/channel3","2",""
"elorant","101","25352088","[25352318, 25352294, 25352324, 25352608, 25352575, 25352603, 25352444, 25352285, 25352185, 25352563, 25352517, 25352191, 25352594, 25352368, 25352502, 25352165, 25352549, 25352526, 25352162, 25352339, 25352266, 25352419, 25352415, 25352471, 25352322, 25352357, 25352365, 25352400, 25352347, 25352375, 25352551, 25352472, 25352521, 25352418, 25352225, 25352363, 25352232, 25352327, 25352542, 25352180, 25352275, 25352184]","98","1607465450","80% of musicians earn less than £200 a year from streaming","story","https://www.nme.com/news/music/82-per-cent-of-musicians-earn-less-than-200-a-year-from-streaming-2833510","3",""
"anigbrowl","24","25351719","[25352094, 25352564, 25352098, 25352047, 25352004, 25352209, 25352211, 25352215, 25352370, 25352035, 25351915]","73","1607463570","FireEye Shares Details of Recent Cyber Attack","story","https://www.fireeye.com/blog/products-and-services/2020/12/fireeye-shares-details-of-recent-cyber-attack-actions-to-protect-community.html","2",""
"MH15","81","25349068","[25350896, 25351758, 25350406, 25349362, 25350522, 25352561, 25350532, 25352112, 25350137, 25350096, 25351467, 25350881, 25351699, 25349473, 25351567, 25351172, 25350805, 25351630, 25351276, 25351734, 25350746, 25349931, 25349349]","264","1607450730","CSS in GitHub Readmes","story","https://github.com/sindresorhus/css-in-readme-like-wat","4",""
"gtirloni","0","25351746","","34","1607463715","Kubernetes 1.20","story","https://kubernetes.io/blog/2020/12/08/kubernetes-1-20-release-announcement/","2",""
"tbodt","186","25347967","[25350488, 25351568, 25350942, 25348347, 25350358, 25348580, 25349871, 25348332, 25349965, 25351679, 25348387, 25349795, 25349676, 25349444, 25349302, 25348408, 25348316, 25351047, 25350744, 25349932, 25350195, 25351624, 25348413, 25348595]","275","1607446848","Expanding Fuchsia's open source model","story","https://opensource.googleblog.com/2020/12/expanding-fuchsias-open-source-model.html","3",""
"css","1430","25344762","[25349341, 25352273, 25345511, 25345823, 25345267, 25345189, 25345041, 25345134, 25346674, 25348341, 25345260, 25345525, 25349226, 25348536, 25351900, 25345493, 25344878, 25345167, 25345377, 25345184, 25345136, 25344954, 25351377, 25345512, 25344872, 25345989, 25344770, 25344849, 25351257, 25344827, 25351791, 25346497, 25344835, 25351926, 25345119, 25351442, 25345036, 25344898, 25345660, 25351475, 25345230, 25351811, 25346783, 25348622, 25347431, 25344977, 25348715, 25344972, 25344853, 25347768, 25345506, 25348110, 25346415, 25344880, 25345700, 25347476, 25347525, 25348176, 25346231, 25349201, 25344953, 25344957, 25348756, 25346093, 25347288, 25345557, 25344856, 25345805, 25347053, 25349492, 25346194, 25351309, 25348374, 25348562, 25346123, 25347453, 25348774, 25344842, 25344980, 25344996, 25344952, 25346570, 25348173, 25347068, 25346262, 25345576, 25352028, 25346908, 25345943, 25345074, 25344873, 25346926, 25346328, 25347174, 25347602, 25345426, 25345245, 25348785, 25347315, 25344922, 25349653, 25346811, 25348854, 25345627, 25345638, 25345052, 25346919, 25345317, 25349923, 25347894, 25345725, 25350067, 25348856, 25346033, 25348185, 25345451, 25349405, 25345652, 25349715, 25345158, 25345155, 25345727, 25349312, 25344970, 25345220, 25346301, 25348004, 25345432, 25345736, 25348564, 25346207, 25345933, 25344858, 25346435, 25345256, 25349160, 25345284, 25344862, 25347580, 25345154, 25345487, 25345510, 25344992, 25345463, 25344966, 25348345, 25347753, 25347398, 25346981, 25344883, 25345208, 25345077, 25344919, 25348702, 25346750, 25345948, 25352039, 25344869, 25347160, 25345368, 25344871, 25344893, 25344829, 25344946, 25345092, 25344838, 25346025, 25344926, 25344864, 25351984]","808","1607434378","AirPods Max","story","https://www.apple.com/newsroom/2020/12/apple-introduces-airpods-max-the-magic-of-airpods-in-a-stunning-over-ear-design/","3",""
"websirnik","236","25344358","[25349541, 25346727, 25349390, 25345475, 25344574, 25348913, 25344981, 25344600, 25346436, 25348089, 25344792, 25349422, 25346092, 25344691, 25349143, 25351543, 25345738, 25345171, 25350534, 25349884, 25346556, 25351737, 25349166, 25344903, 25348138, 25347691, 25345529, 25345492, 25344583, 25349376, 25344907, 25344938, 25346168, 25344806, 25344896, 25344546, 25344823, 25344787, 25344529, 25346052, 25344534, 25346554, 25344936, 25345223, 25344962, 25344611, 25349360]","421","1607430824","Improving DNS Privacy with Oblivious DoH","story","https://blog.cloudflare.com/oblivious-dns/","2",""
"andrioni","115","25346851","[25348584, 25348318, 25348095, 25350311, 25350693, 25347442, 25349017, 25347462, 25348412, 25349711, 25347696, 25348003, 25351338, 25350328, 25349251, 25350215, 25349776, 25348305, 25347205, 25349991, 25348513, 25348123, 25349381, 25349437, 25348569, 25347836, 25347345, 25348108, 25349059, 25349073]","204","1607442758","Kafka Is Not a Database","story","https://materialize.com/kafka-is-not-a-database/","-1",""
"rwky","347","25345428","[25347904, 25352592, 25349086, 25347064, 25351068, 25352449, 25346673, 25349261, 25346735, 25351765, 25346145, 25345881, 25351944, 25346236, 25348900, 25348863, 25346081, 25346515, 25351489, 25347215, 25349843, 25349150, 25346201, 25350739, 25351118, 25346629, 25351606, 25349494, 25346906, 25349613, 25346045, 25350941, 25350642, 25350496, 25349512, 25346359, 25346226, 25346480, 25351777, 25352037, 25349797, 25350660, 25347019, 25349351, 25349680, 25348996, 25346041, 25349155, 25351740, 25349105, 25347031, 25346199, 25349200, 25346393, 25349162, 25348866, 25346108, 25347274, 25346150]","286","1607437226","CentOS Project shifts focus to CentOS Stream","story","https://lists.centos.org/pipermail/centos-announce/2020-December/048208.html","2",""
"homarp","25","25322593","[25351284, 25350627, 25351600, 25349187, 25350923, 25349412, 25352011, 25350895, 25351365]","96","1607250945","IceStick Tutorial: experience FPGA design and RISC-V using $40 FPGA device","story","https://github.com/BrunoLevy/learn-fpga/blob/master/FemtoRV/TUTORIALS/IceStick.md","2",""
"AltworkStation","65","25347958","[25348331, 25350582, 25352234, 25352246, 25348522, 25349140, 25348730, 25351232, 25351415, 25350479, 25352118, 25348302, 25348265, 25349699, 25349743, 25351035, 25348426, 25349159]","103","1607446804","The complexity of building a lie-down workstation","story","https://altwork.com/blogs/news/the-complexity-of-building-a-lie-down-workstation","3",""
"m1","134","25348506","[25348865, 25348829, 25350706, 25349065, 25349510, 25348894, 25349959, 25349787, 25348990, 25352159, 25349883, 25349798, 25348848, 25351535, 25348868, 25350564, 25351076, 25351798, 25349784, 25351289, 25351474, 25349042, 25348871, 25349475, 25350162, 25348813, 25348797, 25349128, 25351730, 25348907, 25349220, 25348864, 25349484, 25350250, 25351340, 25348876, 25351308]","456","1607448719","GitHub Releases Dark Mode","story","https://github.com/settings/appearance","4",""
"tempsy","65","25347984","[25349558, 25348370, 25349929, 25350121, 25348405, 25351536, 25349404, 25348980]","66","1607446897","Etsy was a twee culture punchline, now it’s a Wall Street darling","story","https://www.nytimes.com/2020/12/08/business/etsy-masks-wall-street.html","3",""
"mariuz","77","25357315","[25371627, 25371854, 25372420, 25371423, 25373750, 25372341, 25373434, 25372523, 25372278, 25371397, 25371821, 25373562, 25371617, 25372437, 25372524, 25372256, 25371670, 25372288, 25371968, 25373887, 25371659, 25372268, 25371521, 25372372, 25371883, 25372392, 25371815, 25371791, 25373595, 25372611, 25373314]","713","1607510919","Cameras and Lenses","story","https://ciechanow.ski/cameras-and-lenses/","3",""
"iag","117","25372309","[25373241, 25372938, 25373435, 25372703, 25373091, 25372333, 25372659, 25373408, 25373222, 25373306, 25373669, 25373357, 25372589, 25372535, 25372831, 25372548, 25372545, 25372624, 25373426]","176","1607597569","Facebook Messenger, Instagram and WhatsApp Outage (Ongoing)","story","https://developers.facebook.com/status/dashboard/","2",""
"Liriel","18","25373591","[25374239, 25373987, 25373986, 25374149, 25374320, 25374002]","102","1607607849","Facebook hit with antitrust probe for tying Oculus use to Facebook accounts","story","https://techcrunch.com/2020/12/10/facebook-hit-with-antitrust-probe-for-tying-oculus-use-to-facebook-accounts/","3",""
"andris9","15","25372987","[25374304, 25373418, 25374166, 25373538, 25373508, 25373696, 25373599, 25374047, 25373512, 25373239]","50","1607603628","IMAP API – self hosted daemon to access IMAP and SMTP accounts via HTTP API","story","https://github.com/andris9/imapapi","-1",""
"czue","17","25372636","[25373307, 25373463, 25372830, 25373827, 25372950]","68","1607600837","Lessons from Running a Sale That Earned 3 Month's Profit in a Week","story","https://www.coryzue.com/writing/black-friday/","3",""
"womitt","4","25357957","[25373931, 25374286]","26","1607518242","Skip Level Meeting Guide for Leaders","story","https://codingsans.com/blog/skip-level-meeting","-1",""
"nvid","16","25370804","[25371512, 25373524, 25374043, 25371482, 25370830]","156","1607584661","Free to download public domain art, posters and illustrations","story","https://artvee.com/?","2",""
"athulp","93","25369929","[25373930, 25373587, 25373451, 25371992, 25371438, 25373551, 25371640, 25371668, 25372349, 25373529, 25371994, 25373988, 25373626, 25372549, 25373278, 25373856, 25372778, 25372421, 25373913, 25373922, 25371453, 25371893, 25372373, 25372858, 25372350, 25372954, 25371954, 25372779, 25371940, 25373037, 25371961, 25372813, 25372223, 25372269, 25372498, 25373501, 25371936, 25371569]","241","1607576395","How many GNU/Linux users are needed to change a light bulb?","story","https://www.gnu.org/fun/jokes/users-lightbulb.html","4",""
"feross","0","25373597","","14","1607607897","Debugging WebAssembly with Modern Tools","story","https://developers.google.com/web/updates/2020/12/webassembly","2",""
"minimaxir","644","25363366","[25369249, 25364737, 25364994, 25363849, 25363447, 25363883, 25364094, 25364351, 25367245, 25363730, 25367447, 25364691, 25364052, 25373662, 25366305, 25363703, 25365084, 25363665, 25367505, 25363691, 25371460, 25364912, 25368883, 25371918, 25364502, 25364141, 25367467, 25363682, 25366261, 25371736, 25366985, 25364101, 25368117, 25365289, 25363829, 25366045, 25364241, 25363653, 25364571, 25365539, 25369467, 25367502, 25364782, 25365642, 25363967, 25364553, 25370257, 25368760, 25368861, 25368326, 25367173, 25366409, 25369064, 25370781, 25364074, 25368860, 25364549, 25363993, 25364421, 25363669, 25366524, 25365142, 25366493, 25363643, 25370858, 25365161, 25372322, 25366733, 25364592, 25367220, 25364964, 25366446, 25364092, 25364114, 25366067, 25364481, 25366228, 25368487, 25367155, 25367047, 25365069, 25370094, 25366607, 25373947, 25363770, 25363629, 25364226]","1644","1607542535","FTC Sues Facebook for Illegal Monopolization","story","https://www.ftc.gov/news-events/press-releases/2020/12/ftc-sues-facebook-illegal-monopolization","3",""
"simonpure","1","25373831","[25374290]","30","1607609399","The Future of Clojure","story","https://www.thoughtworks.com/podcasts/future-clojure","2",""
"hadrien01","93","25372181","[25372714, 25372215, 25372968, 25373038, 25373608, 25372804, 25373341, 25373671, 25373666, 25372955, 25373064, 25373017, 25373787, 25372633, 25372806, 25373399, 25372752]","156","1607596615","French watchdog fines Google, Amazon for breaching cookies rules","story","https://fr.reuters.com/article/idUSKBN28K0NA","3",""
"bookofjoe","0","25398444","[25399286]","31","1607783772","Olbers' Paradox","story","https://en.wikipedia.org/wiki/Olbers%27_paradox#:~:text=In%20astrophysics%20and%20physical%20cosmology,infinite%20and%20eternal%20static%20universe.","3",""
"lnguyen","74","25396745","[25398137, 25398168, 25396986, 25397255, 25397271, 25397128, 25399069, 25397034, 25398181, 25396932, 25398350, 25398783, 25397397, 25396835, 25397900, 25397594, 25397097, 25397986, 25397078, 25396976, 25397907]","381","1607761718","Longest known exposure photograph ever captured using a beer can","story","https://www.herts.ac.uk/about-us/media-centre/news/2020/longest-known-exposure-photograph-ever-captured-using-a-beer-can","3",""
"jger15","89","25398429","[25399137, 25399028, 25399314, 25398664, 25398755, 25399188, 25399379, 25398910, 25399394, 25399422, 25399424, 25398692, 25398828, 25399020, 25398904, 25398698, 25398839, 25399224, 25398942, 25398815, 25399403, 25398787, 25398776, 25398887, 25398917, 25398725, 25398951, 25398737]","108","1607783591","Earnestness","story","http://paulgraham.com/earnest.html","4",""
"sohkamyung","53","25370822","[25397982, 25398036, 25398427, 25398722, 25398349, 25398403, 25398165, 25399006, 25398515, 25398245]","129","1607584818","Lenovo seeks to render Nokia's H.264 patents unenforceable","story","https://www.theregister.com/2020/12/10/lenovo_seeks_to_render_nokias/","2",""
"williamsharris","4","25370430","[25399377, 25399187]","49","1607581190","A New species of whale has been discovered off the western coast of Mexico","story","https://www.thevast.net/post/breaking-new-species-of-whale-discovered","3",""
"blindm","65","25398135","[25398843, 25399127, 25398655, 25398268, 25399047, 25398801, 25398769, 25398817, 25398847, 25398539, 25398643]","140","1607779995","Twitch suspends DragonForce guitarist Herman Li for playing his own music","story","https://happymag.tv/dragonforce-guitarist-twitch-ban/","4",""
"okram87","0","25398963","","4","1607788273","Semgrep for Cloud Security","story","https://www.marcolancini.it/2020/blog-semgrep-for-cloud-security/","2",""
"dangoldin","249","25395432","[25396493, 25396149, 25396193, 25396830, 25396481, 25398711, 25398607, 25396243, 25398144, 25397617, 25396908, 25397743, 25396237, 25398198, 25396302, 25397595, 25398513, 25396180, 25396789, 25397706, 25396161, 25396514, 25397638, 25396279, 25396213, 25396377, 25396323, 25398556]","287","1607746109","Amazon owns more than $2B worth of IPv4 addresses","story","https://dangoldin.com/2020/12/11/amazon-owns-more-than-2b-worth-of-ipv4-addresses/","4",""
"_Microft","13","25396736","[25398189, 25398283, 25398449]","66","1607761646","AlphaFold2 at CASP14: “It feels like one’s child has left home.”","story","https://moalquraishi.wordpress.com/2020/12/08/alphafold2-casp14-it-feels-like-ones-child-has-left-home/","2",""
"letientai299","89","25371020","[25397822, 25397674, 25397693, 25398410, 25398364, 25398236, 25398109, 25398885, 25398180, 25397864, 25398969, 25398112, 25397863, 25397926, 25397918, 25398905, 25397612, 25397928, 25398139, 25398899, 25398250, 25397711]","132","1607586741","Vim Creep (2011)","story","https://rudism.com/vim-creep/","3",""
"avador","37","25394459","[25398478, 25398202, 25398346, 25398997, 25398371, 25397660, 25397915, 25397865, 25398253, 25398274]","40","1607737755","The Lady, or the Tiger? (1882)","story","https://en.m.wikisource.org/wiki/The_lady,_or_the_tiger%3F_and_other_stories/The_Lady,_or_the_Tiger%3F","2",""
"rwmj","2","25398912","[25399310]","14","1607787958","Real wireframe teapot mounted inside a Commodore Pet display (2004)","story","https://vimeo.com/1821572","2",""
"mlejva","44","25394567","[25394571, 25398309, 25396070, 25397855, 25396809, 25398433, 25397893, 25398637, 25395825, 25398260, 25396571, 25398871, 25397364, 25396374, 25396629, 25397726, 25397184, 25397366, 25398530, 25397148, 25397433]","123","1607738397","Show HN: Devbook – Search Engine for Developers","story","https://usedevbook.com","4",""
"jonbaer","84","25396157","[25398881, 25399471, 25397910, 25399234, 25397328, 25397285, 25396609, 25397198, 25397018, 25398077, 25396709, 25396582, 25396459]","152","1607754903","How the novel coronavirus has evolved","story","https://graphics.reuters.com/HEALTH-CORONAVIRUS/EVOLUTION/yxmpjqkdzvr/index.html","3",""
"WalterBright","172","25423712","[25423730, 25424258, 25425326, 25425972, 25424286, 25425757, 25424360, 25425357, 25424970, 25424617]","273","1607981898","Eric Engstrom, co-creator of DirectX, has died","story","https://venturebeat.com/2020/12/07/friends-remember-microsoft-renegade-eric-engstrom-who-suggested-a-directx-console/","3",""
"gbrown_","197","25422269","[25423253, 25426093, 25422847, 25423509, 25423893, 25422530, 25422799, 25423050, 25422604, 25422510, 25422819, 25422692, 25424500, 25423148, 25423170, 25424550, 25423508, 25423559, 25423135, 25422273, 25422815, 25422985, 25423785, 25423777, 25424481, 25423094, 25424223, 25425126, 25424133, 25424014, 25423583]","244","1607975266","FTC issues orders to nine social media and video streaming services","story","https://www.ftc.gov/news-events/press-releases/2020/12/ftc-issues-orders-nine-social-media-video-streaming-services-0","3",""
"parsecs","234","25419487","[25421035, 25420908, 25421076, 25421290, 25422381, 25422208, 25424665, 25422930, 25420775, 25422972, 25421506, 25426118, 25420862, 25422161, 25421030, 25421772, 25422347, 25420869, 25425003, 25421569, 25423106, 25423159, 25425183, 25423975, 25421664, 25421889, 25422017, 25421744, 25422064, 25422491, 25421704, 25421731, 25425773, 25421685, 25421213, 25420634, 25422942]","501","1607963681","U.S. Treasury, Commerce Depts. Hacked Through SolarWinds Compromise","story","https://krebsonsecurity.com/2020/12/u-s-treasury-commerce-depts-hacked-through-solarwinds-compromise/","3",""
"scarybeast","75","25421648","[25424379, 25422915, 25422200, 25422893, 25422094, 25424232, 25424420, 25422869, 25423075, 25425072, 25424955, 25424269, 25423338, 25422387, 25422276, 25422305, 25424046, 25424995, 25425944, 25422095, 25422807, 25422865]","226","1607972486","The cleverest floppy disc protection ever? Western Security Ltd","story","https://scarybeastsecurity.blogspot.com/2020/12/the-cleverest-floppy-disc-protection.html","2",""
"awwstn","30","25424103","[25424410, 25424475, 25424416, 25424972, 25424351, 25424656, 25424385, 25425146, 25425139, 25424536, 25425443, 25425202]","67","1607984051","Show HN: A Twilio-powered interactive talk radio platform","story","https://capiche.fm","3",""
"Tomte","211","25420455","[25421330, 25423258, 25423903, 25425714, 25420964, 25423248, 25421432, 25424586, 25423155, 25423210, 25421154, 25423043, 25420965, 25425673, 25424459, 25421976, 25425588, 25421381, 25424627, 25421396, 25421482, 25424530, 25421072, 25424187, 25421576, 25423787, 25424135, 25424189]","212","1607967558","Europe's night trains are on track for a resurgence","story","https://edition.cnn.com/travel/article/night-trains-europe-sleeper-obb/index.html","2",""
"Austin_Conlon","10","25424126","[25425678, 25426058, 25425210, 25425556]","65","1607984186","SwiftUI tutorials rewritten completely","story","https://developer.apple.com/tutorials/app-dev-training","4",""
"jupenur","87","25420814","[25421970, 25424267, 25422837, 25421791, 25421677, 25421916, 25422550, 25423147, 25421668, 25425793, 25422215]","172","1607968856","Coordinated disclosure of XML roundtrip vulnerabilities in Go’s standard library","story","https://mattermost.com/blog/coordinated-disclosure-go-xml-vulnerabilities/","2",""
"sergpanarin","21","25422327","[25424504, 25426151, 25423858, 25424027, 25425052, 25425742, 25423380, 25424573, 25424721]","92","1607975524","New version of Apple-1 DIY kits start shipping","story","https://mailchi.mp/smartykit.io/project-update-december-all","2",""
"fremden","1","25426174","[25426193]","3","1607997795","Challenging the ‘Great Reset’ theory of pandemics","story","https://engelsbergideas.com/essays/challenging-the-great-reset-theory-of-pandemics/","-1",""
"tslocum","46","25422536","[25423604, 25426147, 25424935, 25424152, 25423500, 25423986, 25424291, 25423546, 25424153, 25422772, 25423833, 25424119, 25423828, 25424100]","113","1607976457","Instagram's Million Dollar Bug (2015)","story","https://web.archive.org/web/20151217205414/http://www.exfiltrated.com/research-Instagram-RCE.php","4",""
"circuit_","8","25422003","[25424335, 25424280, 25425130, 25424273]","105","1607974052","How Video Works","story","https://howvideo.works","3",""
"ChrisSD","63","25419740","[25421928, 25419821, 25421494, 25422487, 25424237, 25422326, 25424285, 25424983, 25421233, 25425833, 25422441, 25423370, 25422582, 25422338]","187","1607964814","Pointers Are Complicated II, or: We need better language specs","story","https://www.ralfj.de/blog/2020/12/14/provenance.html","3",""
"luu","0","25426034","","3","1607996564","Dash: Scalable Hashing on Persistent Memory [pdf]","story","http://www.vldb.org/pvldb/vol13/p1147-lu.pdf","2",""
"tinodelletna","37","25423113","[25425043, 25425218, 25424802, 25424199, 25424167, 25424330, 25426057, 25424178, 25424215, 25425009, 25424399, 25423602, 25424074, 25424910]","43","1607979115","Fractal Architectures: A Software Craftsman's take to Infrastructure as Code","story","https://yanchware.com/content/fractal-arch-iac","3",""
"todsacerdoti","457","25457440","[25458282, 25457647, 25458635, 25459276, 25457897, 25457691, 25457665, 25457930, 25458222, 25457752, 25457705, 25457694, 25459940, 25462177, 25457676, 25457991, 25458432, 25458404, 25460165, 25457713, 25460498, 25458977, 25461344, 25458088, 25458883, 25458178, 25459752, 25462052, 25461368, 25458705, 25459469, 25460664, 25458823, 25460129, 25458386, 25459421, 25457673, 25458192, 25458642, 25457852, 25457856, 25457672, 25460250, 25460472, 25458897, 25459146, 25458693, 25458213, 25460221, 25457834, 25458251, 25459902, 25458954, 25460320, 25460582, 25459835, 25460201, 25457755, 25457675, 25457683, 25458649, 25458958, 25457650, 25458185, 25459123, 25457652, 25459497, 25457797, 25459737, 25457646, 25459185, 25458163, 25458595, 25458077, 25457863, 25457736, 25457925, 25460832, 25457974, 25457709, 25457649, 25457737, 25461458]","1918","1608224481","No Cookie for You","story","https://github.blog/2020-12-17-no-cookie-for-you/","-1",""
"brundolf","70","25460220","[25460520, 25461962, 25460918, 25460741, 25460788, 25460485, 25460701, 25461429, 25460963, 25461255]","169","1608238141","Hallucinations re: the rendering of Cyberpunk 2077","story","http://c0de517e.blogspot.com/2020/12/hallucinations-re-rendering-of.html","2",""
"fniephaus","2","25461760","[25462299, 25462216]","26","1608246810","The Smalltalk Zoo","story","https://computerhistory.org/blog/introducing-the-smalltalk-zoo-48-years-of-smalltalk-history-at-chm/","3",""
"kmod","262","25459434","[25461908, 25459990, 25460770, 25462028, 25460225, 25461656, 25459932, 25460639, 25461778, 25459961, 25462312, 25459608, 25459639, 25462097, 25461248, 25462119, 25461523, 25461574, 25460017, 25461692, 25462085, 25462243, 25461310, 25460311, 25460656, 25460559, 25460029, 25462189, 25460222, 25459965, 25461124, 25460528, 25461138, 25460199, 25460200, 25462260, 25460371, 25462236, 25460138, 25460104, 25460442, 25462006, 25460270, 25459985, 25462393, 25460655, 25460004, 25459978, 25461029]","528","1608233957","Amazon disallows pointing out paid reviews","story","http://blog.kevmod.com/2020/12/amazon-disallows-pointing-out-paid-reviews/","4",""
"laurex","7","25460439","[25461831, 25460889]","52","1608239310","The black market in stolen antiquities on Facebook","story","https://slate.com/technology/2020/12/facebook-stolen-antiquities-art-black-market.html","3",""
"mrzool","45","25458770","[25462409, 25461178, 25461328, 25461985, 25462315, 25461651, 25461747, 25460988, 25461830, 25461924, 25461942, 25461720, 25461615, 25460989, 25461594, 25460568, 25460979]","113","1608230704","Apple has stopped providing standalone installers for macOS updates","story","https://eclecticlight.co/2020/12/17/apple-has-stopped-providing-standalone-installers-for-macos-updates/","3",""
"ALittleLight","22","25461367","[25462066, 25462311, 25462330, 25461702, 25461689, 25461852, 25462128, 25461899, 25461904]","51","1608244237","Show HN: StumblingOn – Randomly find indie websites – recreating StumbleUpon","story","https://stumblingon.com","4",""
"incanus77","0","25462043","","10","1608248845","Original Dartmouth College BASIC manual (1964) [pdf]","story","http://www.bitsavers.org/pdf/dartmouth/BASIC_Oct64.pdf","2",""
"rudi-c","45","25458777","[25459846, 25459820, 25460339, 25462174, 25461128, 25460374, 25461713]","110","1608230725","A case study on strict null checks","story","https://www.figma.com/blog/inside-figma-a-case-study-on-strict-null-checks/","3",""
"CapitalistCartr","125","25456778","[25461467, 25459987, 25457907, 25458155, 25457414, 25457439, 25458923, 25457299, 25457824, 25458021, 25461358, 25457792, 25457600, 25457484, 25461535, 25457393, 25458270]","198","1608221021","Biomarker of Alzheimer's found to be regulated by sleep cycles","story","https://newatlas.com/medical/biomarker-alzheimers-protein-sleep-cycles-rhythm/","3",""
"theBashShell","2","25461954","[25462332]","13","1608248329","Hacking Spree Reached into Microsoft","story","https://www.reuters.com/article/usa-cyber-breach-exclusive-int-idUSKBN28R3E2","3",""
"Lammy","69","25459873","[25460215, 25460779, 25460591, 25460303, 25460390, 25462242, 25460076, 25460438, 25461916, 25460489, 25460281, 25462064, 25460901, 25460170, 25460966, 25460751, 25460136, 25460203, 25460470, 25460297, 25460427, 25460682]","94","1608236478","How I Met My Wife (1994)","story","https://www.newyorker.com/magazine/1994/07/25/how-i-met-my-wife","3",""